<?xml version="1.0" encoding="UTF-8" standalone="yes" ?>
<Root>
	<AtlasTemplate name="gui_atlas.xml"/>
	<BorderTemplate name="common_new\gui_border.xml"/>
	<FontTemplate name="common_new\gui_font.xml"/>
	<ComponentTemplate name="common_new\component_template.xml" />

	<Window id="WINDOW_BACKGROUND" position="0, 0" size="display_w, display_h" active="1">
		<Border size="display_w, display_h" name="black_border"/>

		<Window id="ROOMCREATEPOPUP_WINDOWMAIN" position="(display_w-my_h)/2, (display_h-my_h)/2" size="331,317">
			<Border id="ROOMCREATEPOPUP_MAINBORDER0" name="pop_up_back" size="parent_w, parent_h" visible="1"/>
			<Border id="ROOMCREATEPOPUP_MAINBORDER1" name="pop_up_back" size="parent_w, parent_h-70" visible="0"/>
			<Image name="create_room_titletext.tga" position="23,4" type="atlas"/>
			
			<Button id="BUTTON_CLOSE" align="right" valign="top" margin="0,4,13,0" template="Button_X"/>
			
			<Window position="26,38" size="278,215">
				<Border id="ROOMCREATEPOPUP_BORDER0" name="popup_white_border" size="278,215" visible="1"/>
				<Border id="ROOMCREATEPOPUP_BORDER1" name="popup_white_border" position="0,100" size="278,36" visible="0"/>

				<!-- 대회방 만들때 뜰 텍스트이미지 -->
				<Image id="ROOMCREATEPOPUP_TOURNAMENT_TEXT" position="4,7" name="create_room_text_tournament.tga" visible="0" type="atlas"/>
				
				<Window id="WINDOW_TITLE" active="0" position="40-26,44-38">
					<Image name="create_room_text_roomtitle.tga" type="atlas"/>
					
					<Image position="116-40,0" name="guide_text_box.tga" type="atlas"/>
					<TextBox id="TEXTBOX_ROOMNAME" position="116-40+3,0" size="173-3,23" ime_status="0" align="left" margin="4,0,0,0" font="font_main_chat" limit="20"/>
				</Window>

				<Window id="WINDOW_PASSWORD" active="0" position="40-26,74-38">
					<Image name="create_room_text_password.tga" type="atlas"/>
					
					<Image position="116-40,0" name="guide_text_box.tga" type="atlas"/>
					<TextBox id="TEXTBOX_ROOMPASSWORD" position="116-40+3,0" size="173-3,23" ime_status="0" align="left" margin="4,0,0,0" font="font_main_chat" limit="4" mode="password"/>
				</Window>

				<Window id="WINDOW_GAMEMODE" position="40-26,105-38">
					<Image name="create_room_text_gamemode.tga" type="atlas"/>
					
					<!-- 모드 값은 1부터 8까지이며 순서대로 "일반카드모드, 풀카운트모드, 정면승부, 노스펠모드, 스펠카드모드, 
					타격 연습 모드, 투구 연습 모드, 홈런레이스 모드"이다.
					이 값은 패킷에서 사용하는 SUBMODE_CASUAL, SUBMODE_SPELL등과는 "전혀" 다른 값이므로 주의. -->
					<SelectionGroup id="SELECTION_MODE" defaultvalue="1" range="1,8" overflow="mod">
						<SelectionButton id="BUTTON_MODE_PREVIOUS" value="-1" operation="add_index" position="115-40,0" size="19,20" template="SelectionButton_Left_19x20"/>
						<SelectionButton id="BUTTON_MODE_NEXT" value="1" operation="add_index" position="269-40,0" size="19,20" template="SelectionButton_Right_19x20"/>
					</SelectionGroup>

					<!-- 모드 레이블을 미리 등록해놓고 아래에서처럼 이벤트에 따라 visibility를 바꾼다 -->
					<Window position="136-40,105-105" size="131,20">
						<Image position="0,0" name="guide_select_box.tga" type="atlas"/>
						<Label ID="LABEL_MODE_NORMAL" text="일반카드모드" color="255,221,221,221" font="font_main_chat" active="1">
							<Tooltip text="자신이 장착한 스펠카드를 사용하며&#13;&#10;일반 야구 룰에 맞춰 게임을 진행하는 모드입니다." template="tooltip_default"/>
						</Label>
						<Label ID="LABEL_MODE_FULL" text="풀카운트모드" color="255,221,221,221" font="font_main_chat" visible="0" active="1">
							<Tooltip text="모든 승부가 투 스트라이크 쓰리볼에서 시작되는 모드입니다." template="tooltip_default"/>
						</Label>
						<Label ID="LABEL_MODE_STRIKE" text="정면승부" color="255,221,221,221" font="font_main_chat" visible="0" active="1">
							<Tooltip text="스트라이크만 던질 수 있는 모드입니다.&#13;&#10;볼을 던질 경우 실투가 나가게 됩니다." template="tooltip_default"/>
						</Label>
						<Label ID="LABEL_MODE_NOSPELL" text="노스펠모드" color="255,221,221,221" font="font_main_chat" visible="0" active="1">
							<Tooltip text="실제 야구게임과 동일한 룰이 적용되는&#13;&#10;정통 야구 모드입니다." template="tooltip_default"/>
						</Label>
						<Label ID="LABEL_MODE_SPELL" text="스펠카드모드" color="255,221,221,221" font="font_main_chat" visible="0" active="1">
							<Tooltip text="매회 주어지는 4장의 스펠카드를 사용하여&#13;&#10;스펠카드의 진수를 체험할 수 있는 모드입니다.&#13;&#10;모든 승부는 투 스트라이크 쓰리볼에서 시작됩니다." template="tooltip_default"/>
						</Label>
						<Label ID="LABEL_MODE_PRACTICE_BATTING" text="타격 연습 모드" color="255,221,221,221" font="font_main_chat" visible="0" active="1">
							<Tooltip text="단계마다 타격 연습을 할 수 있는&#13;&#10;타격연습모드입니다." template="tooltip_default"/>
						</Label>
						<Label ID="LABEL_MODE_PRACTICE_PITCHING" text="투구 연습 모드" color="255,221,221,221" font="font_main_chat" visible="0" active="1">
							<Tooltip text="단계마다 투구 연습을 할 수 있는&#13;&#10;투구연습모드입니다." template="tooltip_default"/>
						</Label>
						<Label ID="LABEL_MODE_HOMERUN" text="홈런레이스 모드" color="255,221,221,221" font="font_main_chat" visible="0" active="1">
							<Tooltip text="많은 유저와 함께 홈런 경쟁을 벌이는&#13;&#10;홈런레이스 모드입니다." template="tooltip_default"/>
						</Label>
					</Window>
					
					<!-- 선택된 모드에 따라 레이블을 보이게 하는 스크립트 -->
					<EventScript source="SELECTION_MODE" event="ValueChanged" action="show" destination="LABEL_MODE_NORMAL" param="1"/>
					<EventScript source="SELECTION_MODE" event="ValueChanged" action="show" destination="LABEL_MODE_FULL" param="2"/>
					<EventScript source="SELECTION_MODE" event="ValueChanged" action="show" destination="LABEL_MODE_STRIKE" param="3"/>
					<EventScript source="SELECTION_MODE" event="ValueChanged" action="show" destination="LABEL_MODE_NOSPELL" param="4"/>
					<EventScript source="SELECTION_MODE" event="ValueChanged" action="show" destination="LABEL_MODE_SPELL" param="5"/>
					<EventScript source="SELECTION_MODE" event="ValueChanged" action="show" destination="LABEL_MODE_PRACTICE_BATTING" param="6"/>
					<EventScript source="SELECTION_MODE" event="ValueChanged" action="show" destination="LABEL_MODE_PRACTICE_PITCHING" param="7"/>
					<EventScript source="SELECTION_MODE" event="ValueChanged" action="show" destination="LABEL_MODE_HOMERUN" param="8"/>
				</Window>

				<!-- 게임 모드에 따라서 보여졌다 안 보여졌다 하는 기능을 손쉽게 구현하기 위해 컨트롤들을 하나로 묶었다 -->
				<Window ID="WINDOW_ROOMOPTION" position="40-26,135-38">
					<Window id="WINDOW_MEMBER" position="0,0">
						<Image name="create_room_text_singlemulti.tga" type="atlas"/>
						
						<SelectionGroup id="SELECTION_MEMBER" defaultvalue="1" values="1,2,3" overflow="mod">
							<SelectionButton id="BUTTON_MEMBER_PREVIOUS" value="-1" operation="add_index" position="115-40,0" size="19,20" template="SelectionButton_Left_19x20"/>
							<SelectionButton id="BUTTON_MEMBER_NEXT" value="1" operation="add_index" position="269-40,0" size="19,20" template="SelectionButton_Right_19x20"/>
						</SelectionGroup>
						
						<Window position="136-40,0" size="131,20">
							<Image position="0,0" name="guide_select_box.tga" type="atlas"/>
							<Label ID="LABEL_MEMBER_1VS1" text="1 vs 1" color="255,221,221,221" font="font_main_chat"/>
							<Label ID="LABEL_MEMBER_2VS2" text="2 vs 2" color="255,221,221,221" font="font_main_chat" visible="0"/>
							<Label ID="LABEL_MEMBER_3VS3" text="3 vs 3" color="255,221,221,221" font="font_main_chat" visible="0"/>
<!--						<Label ID="LABEL_MEMBER_SINGLE" text="vs com" color="255,221,221,221" font="font_main_chat" visible="0"/>	-->
						</Window>
						
						<EventScript source="SELECTION_MEMBER" event="ValueChanged" action="show" destination="LABEL_MEMBER_1VS1" param="1"/>
						<EventScript source="SELECTION_MEMBER" event="ValueChanged" action="show" destination="LABEL_MEMBER_2VS2" param="2"/>
						<EventScript source="SELECTION_MEMBER" event="ValueChanged" action="show" destination="LABEL_MEMBER_3VS3" param="3"/>
<!--					<EventScript source="SELECTION_MEMBER" event="ValueChanged" action="show" destination="LABEL_MEMBER_SINGLE" param="5	"/>		-->
					</Window>


					<Window id="WINDOW_INNING" position="0,30">
						<Image name="create_room_text_inning.tga" type="atlas"/>
						
						<SelectionGroup id="SELECTION_INNING" defaultvalue="3" range="1, 3" overflow="mod">
							<SelectionButton id="BUTTON_INNING_PREVIOUS" value="-1" operation="add" position="115-40,0" size="19,20" template="SelectionButton_Left_19x20"/>
							<SelectionButton id="BUTTON_INNING_NEXT" value="1"		operation="add" position="269-40,0" size="19,20" template="SelectionButton_Right_19x20"/>
						</SelectionGroup>
						
						<Window position="136-40,0" size="131,20">
							<Image position="0,0" name="guide_select_box.tga" type="atlas"/>
							<Label ID="LABEL_INNING_3" text="3이닝" color="255,221,221,221" font="font_main_chat" visible="0"/>
							<Label ID="LABEL_INNING_6" text="6이닝" color="255,221,221,221" font="font_main_chat" visible="0"/>
							<Label ID="LABEL_INNING_9" text="9이닝" color="255,221,221,221" font="font_main_chat"/>
						</Window>
						
						<EventScript source="SELECTION_INNING" event="ValueChanged" action="show" destination="LABEL_INNING_3" param="1"/>
						<EventScript source="SELECTION_INNING" event="ValueChanged" action="show" destination="LABEL_INNING_6" param="2"/>
						<EventScript source="SELECTION_INNING" event="ValueChanged" action="show" destination="LABEL_INNING_9" param="3"/>
					</Window>
					
										
					<!-- 관전여부-->
					<Window id="WINDOW_OBSERVER" position="0,60">
						<Image name="create_room_text_observe.tga" type="atlas"/>
						
						<SelectionGroup id="SELECTION_OBSERVER" defaultvalue="0" values="0, 1" overflow="mod">
							<SelectionButton id="BUTTON_OBSERVER_PREVIOUS" value="-1" operation="add_index" position="115-40,0" size="19,20" template="SelectionButton_Left_19x20"/>
							<SelectionButton id="BUTTON_OBSERVER_NEXT" value="1" operation="add_index"		position="269-40,0" size="19,20" template="SelectionButton_Right_19x20"/>
						</SelectionGroup>					
						
						<Window position="136-40,0" size="131,20">
							<Image position="0,0" name="guide_select_box.tga" type="atlas"/>
							<Label ID="LABEL_OBSERVER_FORBIDDEN" text="불가" color="255,221,221,221" font="font_main_chat" />
							<Label ID="LABEL_OBSERVER_ACCEPT" text="가능" color="255,221,221,221" font="font_main_chat" visible="0"/>
						</Window>					
						
						<EventScript source="SELECTION_OBSERVER" event="ValueChanged" action="show" destination="LABEL_OBSERVER_FORBIDDEN" param="0"/>
						<EventScript source="SELECTION_OBSERVER" event="ValueChanged" action="show" destination="LABEL_OBSERVER_ACCEPT" param="1"/>
					</Window>
					
					<!-- 게임난이도 -->
					<Window id="WINDOW_GAME_LEVEL" position="0,90">
						<Image name="create_room_text_difficulty.tga" type="atlas"/>

						<!-- 심판방 레벨값은 2부터 4까지이며 "동네","아마","프로" 이다. -->
						<SelectionGroup id="SELECTION_GAME_LEVEL" defaultvalue="3" values="2,3,4,5,6" overflow="mod">
							<SelectionButton id="BUTTON_GAME_LEVEL_PREVIOUS" value="-1" operation="add_index" position="115-40,0"	size="19,20" template="SelectionButton_Left_19x20"/>
							<SelectionButton id="BUTTON_GAME_LEVEL_NEXT" value="1"		operation="add_index" position="269-40,0" size="19,20" template="SelectionButton_Right_19x20"/>
						</SelectionGroup>						
						
						<!-- 심판방 레벨 레이블을 미리 등록해놓고 아래에서처럼 이벤트에 따라 visibility를 바꾼다 -->
						<Window position="136-40,0" size="131,20">
							<Image position="0,0" name="guide_select_box.tga" type="atlas"/>
							<Label ID="LABEL_GAME_LEVEL_NEIGHBOR" text="동네"		format="DT_CENTER,DT_SINGLELINE,DT_VCENTER,DT_NOCLIP" color="255,221,221,221" font="font_main_chat" visible="0"  />
							<Label ID="LABEL_GAME_LEVEL_AMATEUR" text="아마"		format="DT_CENTER,DT_SINGLELINE,DT_VCENTER,DT_NOCLIP" color="255,221,221,221" font="font_main_chat" />
							<Label ID="LABEL_GAME_LEVEL_PRO_MINOR" text="프로2군"	format="DT_CENTER,DT_SINGLELINE,DT_VCENTER,DT_NOCLIP" color="255,221,221,221" font="font_main_chat" visible="0"/>
							<Label ID="LABEL_GAME_LEVEL_PRO_MAJOR" text="프로"		format="DT_CENTER,DT_SINGLELINE,DT_VCENTER,DT_NOCLIP" color="255,221,221,221" font="font_main_chat" visible="0"/>
							<Label ID="LABEL_GAME_LEVEL_ALLSTAR" text="올스타"		format="DT_CENTER,DT_SINGLELINE,DT_VCENTER,DT_NOCLIP" color="255,221,221,221" font="font_main_chat" visible="0"/>
<!--						<Label ID="LABEL_GAME_LEVEL_FREE" text="자유"			format="DT_CENTER,DT_SINGLELINE,DT_VCENTER,DT_NOCLIP" color="255,221,221,221" font="font_main_chat" visible="0"/>	-->
						</Window>					
						
						<EventScript source="SELECTION_GAME_LEVEL" event="ValueChanged" action="show" destination="LABEL_GAME_LEVEL_NEIGHBOR" param="2"/>
						<EventScript source="SELECTION_GAME_LEVEL" event="ValueChanged" action="show" destination="LABEL_GAME_LEVEL_AMATEUR" param="3"/>
						<EventScript source="SELECTION_GAME_LEVEL" event="ValueChanged" action="show" destination="LABEL_GAME_LEVEL_PRO_MINOR" param="4"/>
						<EventScript source="SELECTION_GAME_LEVEL" event="ValueChanged" action="show" destination="LABEL_GAME_LEVEL_PRO_MAJOR" param="5"/>
						<EventScript source="SELECTION_GAME_LEVEL" event="ValueChanged" action="show" destination="LABEL_GAME_LEVEL_ALLSTAR" param="6"/>
<!--						<EventScript source="SELECTION_GAME_LEVEL" event="ValueChanged" action="show" destination="LABEL_GAME_LEVEL_FREE" param="7"/>												-->
					</Window>						
				</Window>

				<!-- 홈런 레이스 전용 옵션 -->
				<Window ID="WINDOW_HOMERUNRACEROOMOPTION" position="40-26,135-38" visible="0">
					<Window position="0,0">
						<Image name="create_room_text_singlemulti.tga" type="atlas"/>
						
						<!-- 인원값은 1부터 30까지. -->
						<SelectionGroup id="SELECTION_MEMBER_HOMERUNRACE" defaultvalue="10" values="10, 20, 30" overflow="mod">
							<SelectionButton id="BUTTON_MEMBER_PREVIOUS" value="-1" operation="add_index" position="115-40,0" size="19,20" template="SelectionButton_Left_19x20"/>
							<SelectionButton id="BUTTON_MEMBER_NEXT" value="1" operation="add_index" position="269-40,0" size="19,20" template="SelectionButton_Right_19x20"/>
						</SelectionGroup>

						<!-- 인원 레이블을 미리 등록해놓고 아래에서처럼 이벤트에 따라 visibility를 바꾼다 -->
						<Window position="136-40,0" size="131,20">
							<Image position="0,0" name="guide_select_box.tga" type="atlas"/>
							<Label ID="LABEL_MEMBER_HOMERUNRACE" text="10" color="255,221,221,221" font="font_main_chat"/>
						</Window>

						<!-- 선택된 모드에 따라 레이블을 보이게 하는 스크립트 -->
						<EventScript source="SELECTION_MEMBER_HOMERUNRACE" event="ValueChanged" action="linkvalue" destination="LABEL_MEMBER_HOMERUNRACE"/>
					</Window>
					
					<Window id="WINDOW_GAME_LEVEL_hr" position="0,30">
						<Image name="create_room_text_difficulty.tga" type="atlas"/>
						
						<!-- 심판방 레벨값은 2부터 4까지이며 "동네","아마","프로" 이다. -->
						<SelectionGroup id="SELECTION_GAME_LEVEL_hr" defaultvalue="3" values="2,3,4,5,6,7" overflow="mod">
							<SelectionButton id="BUTTON_GAME_LEVEL_hr_PREVIOUS" value="-1" operation="add_index" position="115-40,0" size="19,20" template="SelectionButton_Left_19x20"/>
							<SelectionButton id="BUTTON_GAME_LEVEL_hr_NEXT" value="1" operation="add_index" position="269-40,0" size="19,20" template="SelectionButton_Right_19x20"/>
						</SelectionGroup>						
						
						<!-- 심판방 레벨 레이블을 미리 등록해놓고 아래에서처럼 이벤트에 따라 visibility를 바꾼다 -->
						<Window position="136-40,0" size="131,20">
							<Image position="0,0" name="guide_select_box.tga" type="atlas"/>
							<Label ID="LABEL_GAME_LEVEL_NEIGHBOR_hr" text="동네" color="255,221,221,221" font="font_main_chat" visible="0"  />
							<Label ID="LABEL_GAME_LEVEL_AMATEUR_hr" text="아마" color="255,221,221,221" font="font_main_chat" />
							<Label ID="LABEL_GAME_LEVEL_PRO_MINOR_hr" text="프로2군" color="255,221,221,221" font="font_main_chat" visible="0"/>
							<Label ID="LABEL_GAME_LEVEL_PRO_MAJOR_hr" text="프로" color="255,221,221,221" font="font_main_chat" visible="0"/>
							<Label ID="LABEL_GAME_LEVEL_ALLSTAR_hr" text="올스타" color="255,221,221,221" font="font_main_chat" visible="0"/>
							<Label ID="LABEL_GAME_LEVEL_FREE_hr" text="자유" color="255,221,221,221" font="font_main_chat" visible="0"/>
						</Window>					
						
						<EventScript source="SELECTION_GAME_LEVEL_hr" event="ValueChanged" action="show" destination="LABEL_GAME_LEVEL_NEIGHBOR_hr" param="2"/>
						<EventScript source="SELECTION_GAME_LEVEL_hr" event="ValueChanged" action="show" destination="LABEL_GAME_LEVEL_AMATEUR_hr" param="3"/>
						<EventScript source="SELECTION_GAME_LEVEL_hr" event="ValueChanged" action="show" destination="LABEL_GAME_LEVEL_PRO_MINOR_hr" param="4"/>
						<EventScript source="SELECTION_GAME_LEVEL_hr" event="ValueChanged" action="show" destination="LABEL_GAME_LEVEL_PRO_MAJOR_hr" param="5"/>
						<EventScript source="SELECTION_GAME_LEVEL_hr" event="ValueChanged" action="show" destination="LABEL_GAME_LEVEL_ALLSTAR_hr" param="6"/>
						<EventScript source="SELECTION_GAME_LEVEL_hr" event="ValueChanged" action="show" destination="LABEL_GAME_LEVEL_FREE_hr" param="7"/>
												
					</Window>
				</Window>

				<!-- 방 옵션 부분은 타격연습(6),투구연습(7),홈런레이스(8)일 때만 안 그리고 나머지 모드일 때는 그린다-->
				<EventScript source="SELECTION_MODE" event="ValueChanged" action="show" destination="WINDOW_ROOMOPTION" param="1,2,3,4,5"/>
				<!-- 홈런레이스 방 옵션 부분은 홈런레이스(8)일 때만 그린다-->
				<EventScript source="SELECTION_MODE" event="ValueChanged" action="show" destination="WINDOW_HOMERUNRACEROOMOPTION" param="8"/>
			</Window>
			
			<Button id="BUTTON_OK" position="81,263" template="Button_80x28Black">
				<Image name="buttontext_80_28_ok_normal.tga" paint="normal" type="atlas"/>
				<Image name="buttontext_80_28_ok_mouseover.tga" paint="mouseover" type="atlas"/>
				<Image name="buttontext_80_28_ok_pressed.tga" paint="pressed" type="atlas"/>
			</Button>
			<Button id="BUTTON_CANCEL" position="168,263" template="Button_80x28Black">
				<Image name="buttontext_80_28_cancel_normal.tga" paint="normal" type="atlas"/>
				<Image name="buttontext_80_28_cancel_mouseover.tga" paint="mouseover" type="atlas"/>
				<Image name="buttontext_80_28_cancel_pressed.tga" paint="pressed" type="atlas"/>
			</Button>
		</Window>
		
		<EventScript source="BUTTON_CLOSE" event="Click" action="closelayer"/>
		<EventScript source="BUTTON_CANCEL" event="Click" action="closelayer"/>
		<EventScript source="WINDOW_BACKGROUND" event="KeyDownIndirect" eventvalue="VK_ESCAPE" action="Click" destination="BUTTON_CANCEL"/>
		<EventScript source="WINDOW_BACKGROUND" event="KeyDownIndirect" eventvalue="VK_RETURN" action="Click" destination="BUTTON_OK"/>
	</Window>
	
</Root>
